question_id,failure_category,expected_answer,model_answer,expected_session_ids,retrieved_session_ids,error,latency_ms
0a995998,wrong_retrieval,3,"You need to pick up one item of clothing, which is the new pair of boots from Zara that you exchanged.",answer_afa9873b_2;answer_afa9873b_3;answer_afa9873b_1,answer_afa9873b_2;answer_afa9873b_2;answer_afa9873b_1;answer_afa9873b_1;ultrachat_331531;25091584_1;85846900_2;answer_afa9873b_3;85846900_2;sharegpt_U3S02iq_0;ultrachat_331531;25091584_1,,1739.0
6d550036,wrong_retrieval,2,You are currently leading two projects: the product feature launch and the project in Nigeria aimed at connecting 100 rural villages to running water.,answer_ec904b3c_1;answer_ec904b3c_4;answer_ec904b3c_3;answer_ec904b3c_2,2e4430d8_2;2e4430d8_2;sharegpt_J7ZAFLd_0;sharegpt_nVi6tIt_0;sharegpt_J7ZAFLd_0;sharegpt_nVi6tIt_0;sharegpt_zciCXP1_12;answer_ec904b3c_4;sharegpt_zciCXP1_12;eb682e52_2;answer_ec904b3c_1;a9981dc6_3,,1635.7
b5ef892d,wrong_retrieval,8 days.,"You spent 5 days on a camping trip to Yellowstone National Park and had a solo camping trip to Big Sur, but the duration of that trip is not specified. Therefore, I can only confirm the 5 days spent in Yellowstone. I don't know the total number of days spent on camping trips in the United States this year.",answer_a8b4290f_3;answer_a8b4290f_1;answer_a8b4290f_2,answer_a8b4290f_1;answer_a8b4290f_1;answer_a8b4290f_3;35dcacdc_2;7294438c;answer_a8b4290f_2;1a44346c_1;1a44346c_1;7294438c;ultrachat_53385;answer_a8b4290f_3;12cff183_1,,2005.3
e831120c,wrong_retrieval,3.5 weeks,It took you about two weeks to watch all 22 Marvel Cinematic Universe movies and a week and a half to watch all the main Star Wars films.,answer_86c505e7_1;answer_86c505e7_2,answer_86c505e7_2;answer_86c505e7_2;answer_86c505e7_1;63388005;8fb3fe3a_1;8fb3fe3a_1;answer_86c505e7_1;ba6b67af_2;63388005;6387e969;6387e969;e9e19917_2,,1683.0
3a704032,wrong_retrieval,3,You acquired two plants in the last month: a peace lily and a succulent.,answer_c2204106_2;answer_c2204106_3;answer_c2204106_1,answer_c2204106_3;answer_c2204106_3;answer_c2204106_2;answer_c2204106_2;answer_c2204106_1;answer_c2204106_1;be24e3db_2;sharegpt_zvmX9pX_29;9f56a0b5_1;7712aded;sharegpt_zvmX9pX_29;ultrachat_501733,,1313.2
gpt4_d84a3211,wrong_retrieval,$185,"You have spent a total of $165 on bike-related expenses since the start of the year, which includes $25 for a chain replacement and $40 for new bike lights, plus $120 for a Bell Zephyr helmet.",answer_2880eb6c_2;answer_2880eb6c_4;answer_2880eb6c_1;answer_2880eb6c_3,answer_2880eb6c_3;answer_2880eb6c_4;answer_2880eb6c_1;answer_2880eb6c_2;answer_2880eb6c_1;answer_2880eb6c_3;answer_2880eb6c_4;answer_2880eb6c_2;answer_2880eb6c_2;answer_2880eb6c_2;answer_2880eb6c_2;answer_2880eb6c_2,,1607.0
aae3761f,wrong_retrieval,15 hours for getting to the three destinations (or 30 hours for the round trip),I don't know.,answer_526354c8_1;answer_526354c8_3;answer_526354c8_2,answer_526354c8_1;072b4f50_1;answer_526354c8_1;072b4f50_1;ultrachat_92484;b192ae00_2;b192ae00_2;sharegpt_ynLoh9N_0;2a86d0da_2;ultrachat_547525;d576152e_2;d576152e_2,,3609.8
gpt4_f2262a51,wrong_retrieval,"I visited three different doctors: a primary care physician, an ENT specialist, and a dermatologist.","You visited three different doctors: Dr. Patel (ENT specialist), Dr. Lee (dermatologist), and Dr. Smith (primary care physician).",answer_55a6940c_3;answer_55a6940c_1;answer_55a6940c_2,answer_55a6940c_3;answer_55a6940c_3;answer_55a6940c_2;sharegpt_BWMyoNr_0;answer_55a6940c_2;answer_55a6940c_1;bb54ea78_2;answer_55a6940c_1;5fb3b5ac;ultrachat_109996;sharegpt_BWMyoNr_0;2aeb1268,,1330.7
c4a1ceb8,wrong_retrieval,3,I don't know.,answer_56d02cab_3;answer_56d02cab_4;answer_56d02cab_2;answer_56d02cab_1,answer_56d02cab_3;answer_56d02cab_4;answer_56d02cab_3;answer_56d02cab_2;answer_56d02cab_4;answer_56d02cab_1;answer_56d02cab_1;ultrachat_476874;answer_56d02cab_2;e4c97ea0_1;40c77045;ultrachat_476874,,1944.3
gpt4_a56e767c,wrong_retrieval,I attended four movie festivals.,"You attended at least three film festivals: AFI Fest, Portland Film Festival, and Seattle International Film Festival.",answer_cf9e3940_2;answer_cf9e3940_1;answer_cf9e3940_3,d75245ea;d75245ea;answer_cf9e3940_3;d75245ea;answer_cf9e3940_1;answer_cf9e3940_3;d75245ea;answer_cf9e3940_2;d75245ea;answer_cf9e3940_1;answer_cf9e3940_2;dac54d1e_1,,1331.7
